#{"t_start": 1741589615.3087647, "env_id": "SuperMarioBros-v2"}
r,l,t
6782.0,705,24.124341
