#{"t_start": 1758168021.8670554, "env_id": "SuperMarioBros-v2"}
r,l,t
5587.0,575,17.006294
