#{"t_start": 1759052424.8854613, "env_id": "SuperMarioBros-v2"}
r,l,t
6963.0,726,16.284534
