#{"t_start": 1759570029.7657406, "env_id": "SuperMarioBros-v2"}
r,l,t
6122.0,620,14.518563
