#{"t_start": 1741589702.3568788, "env_id": "SuperMarioBros-v2"}
r,l,t
1840.0,1818,39.546071
2093.0,702,55.185055
